[
  {
    "title": "주택 실거래가 검색",
    "subtitle": "행정동과 이름을 통해 주택의 위치와 누적 실거래가를 검색합니다.",
    "image": "/images/main1.jpg",
    "src": "/search"
  },
  {
    "title": "선별진료소 검색",
    "subtitle": "구/군별 확진자 추세와 선별진료소를 검색합니다.",
    "image": "/images/main2.jpg",
    "src": "/hospital"
  },
  {
    "title": "생활시설 비교3",
    "subtitle": "두 구/군의 생활시설을 비교한 결과를 제공합니다.",
    "image": "/images/main3.jpg",
    "src": "/welfare"
  },
  {
    "title": "메인 상품4",
    "subtitle": "메인 상품4 설명",
    "image": "https://picsum.photos/1920/570/?image=817"
  }
]
