[
  {
    "image": "https://picsum.photos/720/932/?image=341",
    "link": "",
    "linkText": "DRESSES"
  },
  {
    "image": "https://picsum.photos/720/660/?image=271",
    "link": "",
    "linkText": "SUNGLASSES"
  },
  {
    "image": "https://picsum.photos/720/660/?image=695",
    "link": "",
    "linkText": "WATCHES"
  },
  {
    "image": "https://picsum.photos/720/932/?image=803",
    "link": "",
    "linkText": "FOOTERWEAR"
  },
  {
    "image": "https://picsum.photos/720/932/?image=966",
    "link": "",
    "linkText": "BAGS"
  }
]
