[
  {
    "image": "https://picsum.photos/720/720/?image=786",
    "content": "Nullam scelerisque, lacus sed consequat laoreet, dui enim iaculis leo, eu viverra ex nulla in tellus. Nullam nec ornare tellus, ac fringilla lacus. Ut sit amet enim orci. Nam eget metus elit.",
    "author": "nancyward",
    "likes": 39,
    "link": "/"
  },
  {
    "image": "https://picsum.photos/720/720/?image=787",
    "content": "Nullam scelerisque, lacus sed consequat laoreet, dui enim iaculis leo, eu viverra ex nulla in tellus. Nullam nec ornare tellus, ac fringilla lacus. Ut sit amet enim orci. Nam eget metus elit.",
    "author": "nancyward",
    "likes": 40,
    "link": "/"
  },
  {
    "image": "https://picsum.photos/720/720/?image=788",
    "content": "Nullam scelerisque, lacus sed consequat laoreet, dui enim iaculis leo, eu viverra ex nulla in tellus. Nullam nec ornare tellus, ac fringilla lacus. Ut sit amet enim orci. Nam eget metus elit.",
    "author": "nancyward",
    "likes": 10,
    "link": "/"
  },
  {
    "image": "https://picsum.photos/720/720/?image=789",
    "content": "Nullam scelerisque, lacus sed consequat laoreet, dui enim iaculis leo, eu viverra ex nulla in tellus. Nullam nec ornare tellus, ac fringilla lacus. Ut sit amet enim orci. Nam eget metus elit.",
    "author": "nancyward",
    "likes": 15,
    "link": "/"
  },
  {
    "image": "https://picsum.photos/720/720/?image=790",
    "content": "Nullam scelerisque, lacus sed consequat laoreet, dui enim iaculis leo, eu viverra ex nulla in tellus. Nullam nec ornare tellus, ac fringilla lacus. Ut sit amet enim orci. Nam eget metus elit.",
    "author": "nancyward",
    "likes": 20,
    "link": "/"
  }
]
